{
    "Random Forest": {
        "accuracy": 0.8852459016393442,
        "precision": 0.8387096774193549,
        "recall": 0.9285714285714286,
        "f1_score": 0.8813559322033898,
        "confusion_matrix": [
            [
                28,
                5
            ],
            [
                2,
                26
            ]
        ]
    },
    "XGBoost": {
        "accuracy": 0.8688524590163934,
        "precision": 0.8333333333333334,
        "recall": 0.8928571428571429,
        "f1_score": 0.8620689655172413,
        "confusion_matrix": [
            [
                28,
                5
            ],
            [
                3,
                25
            ]
        ]
    },
    "Stacking Classifier": {
        "accuracy": 0.8852459016393442,
        "precision": 0.8387096774193549,
        "recall": 0.9285714285714286,
        "f1_score": 0.8813559322033898,
        "confusion_matrix": [
            [
                28,
                5
            ],
            [
                2,
                26
            ]
        ]
    },
    "feature_importances": {
        "age": 0.05994024422133352,
        "sex": 0.03792014300687358,
        "cp": 0.14732959264415518,
        "trestbps": 0.06548564725936913,
        "chol": 0.058003637539424814,
        "fbs": 0.008096478148329093,
        "restecg": 0.017605376418381762,
        "thalach": 0.13164776666593714,
        "exang": 0.055045285092823686,
        "oldpeak": 0.08901211289088605,
        "slope": 0.04892152419118531,
        "ca": 0.11553149118172848,
        "thal": 0.16546070073957223
    }
}